"variable_name","value_type"
"154252_dose","Numeric"
"154252_route","Categorical"
"154253_dose","Numeric"
"154253_route","Categorical"
"154254_dose","Numeric"
"154254_route","Categorical"
"154255_dose","Numeric"
"154255_route","Categorical"
"154256_dose","Numeric"
"154256_route","Categorical"
"154257_dose","Numeric"
"154257_route","Categorical"
"154259_dose","Numeric"
"154259_route","Categorical"
"154265_dose","Numeric"
"154265_route","Categorical"
"154271_dose","Numeric"
"154271_route","Categorical"
"154272_dose","Numeric"
"154272_route","Categorical"
"154273_dose","Numeric"
"154273_route","Categorical"
"154274_dose","Numeric"
"154274_route","Categorical"
"154278_dose","Numeric"
"154278_route","Categorical"
"154279_dose","Numeric"
"154279_route","Categorical"
"154280_dose","Numeric"
"154280_route","Categorical"
"154281_dose","Numeric"
"154281_route","Categorical"
"154285_dose","Numeric"
"154285_route","Categorical"
"154288_dose","Numeric"
"154288_route","Categorical"
"154291_dose","Numeric"
"154291_route","Categorical"
"154293_dose","Numeric"
"154293_route","Categorical"
"154297_dose","Numeric"
"154297_route","Categorical"
"154299_dose","Numeric"
"154299_route","Categorical"
"154300_dose","Numeric"
"154300_route","Categorical"
"154304_dose","Numeric"
"154304_route","Categorical"
"154306_dose","Numeric"
"154306_route","Categorical"
"154308_dose","Numeric"
"154308_route","Categorical"
"154309_dose","Numeric"
"154309_route","Categorical"
"154310_dose","Numeric"
"154310_route","Categorical"
"154315_dose","Numeric"
"154315_route","Categorical"
"154317_dose","Numeric"
"154317_route","Categorical"
"154319_dose","Numeric"
"154319_route","Categorical"
"154321_dose","Numeric"
"154321_route","Categorical"
"154325_dose","Numeric"
"154325_route","Categorical"
"154326_dose","Numeric"
"154326_route","Categorical"
"154328_dose","Numeric"
"154328_route","Categorical"
"154329_dose","Numeric"
"154329_route","Categorical"
"154331_dose","Numeric"
"154331_route","Categorical"
"154333_dose","Numeric"
"154333_route","Categorical"
"154334_dose","Numeric"
"154334_route","Categorical"
"154335_dose","Numeric"
"154335_route","Categorical"
"154336_dose","Numeric"
"154336_route","Categorical"
"154337_dose","Numeric"
"154337_route","Categorical"
"154339_dose","Numeric"
"154339_route","Categorical"
"154340_dose","Numeric"
"154340_route","Categorical"
"154341_dose","Numeric"
"154341_route","Categorical"
"154342_dose","Numeric"
"154342_route","Categorical"
"154346_dose","Numeric"
"154346_route","Categorical"
"154352_dose","Numeric"
"154352_route","Categorical"
"154358_dose","Numeric"
"154358_route","Categorical"
"154359_dose","Numeric"
"154359_route","Categorical"
"154362_dose","Numeric"
"154362_route","Categorical"
"154365_dose","Numeric"
"154365_route","Categorical"
"154366_dose","Numeric"
"154366_route","Categorical"
"154368_dose","Numeric"
"154368_route","Categorical"
"154372_dose","Numeric"
"154372_route","Categorical"
"154374_dose","Numeric"
"154374_route","Categorical"
"154377_dose","Numeric"
"154377_route","Categorical"
"154378_dose","Numeric"
"154378_route","Categorical"
"154382_dose","Numeric"
"154382_route","Categorical"
"154383_dose","Numeric"
"154383_route","Categorical"
"154385_dose","Numeric"
"154385_route","Categorical"
"154386_dose","Numeric"
"154386_route","Categorical"
"154388_dose","Numeric"
"154388_route","Categorical"
"154389_dose","Numeric"
"154389_route","Categorical"
"154391_dose","Numeric"
"154391_route","Categorical"
"154393_dose","Numeric"
"154393_route","Categorical"
"154394_dose","Numeric"
"154394_route","Categorical"
"154396_dose","Numeric"
"154396_route","Categorical"
"154397_dose","Numeric"
"154397_route","Categorical"
"154398_dose","Numeric"
"154398_route","Categorical"
"154399_dose","Numeric"
"154399_route","Categorical"
"154401_dose","Numeric"
"154401_route","Categorical"
"154406_dose","Numeric"
"154406_route","Categorical"
"154409_dose","Numeric"
"154409_route","Categorical"
"154410_dose","Numeric"
"154410_route","Categorical"
"154416_dose","Numeric"
"154416_route","Categorical"
"154417_dose","Numeric"
"154417_route","Categorical"
"154421_dose","Numeric"
"154421_route","Categorical"
"154422_dose","Numeric"
"154422_route","Categorical"
"154423_dose","Numeric"
"154423_route","Categorical"
"154425_dose","Numeric"
"154425_route","Categorical"
"154427_dose","Numeric"
"154427_route","Categorical"
"154428_dose","Numeric"
"154428_route","Categorical"
"154430_dose","Numeric"
"154430_route","Categorical"
"154432_dose","Numeric"
"154432_route","Categorical"
"154434_dose","Numeric"
"154434_route","Categorical"
"154435_dose","Numeric"
"154435_route","Categorical"
"154436_dose","Numeric"
"154436_route","Categorical"
"154437_dose","Numeric"
"154437_route","Categorical"
"154439_dose","Numeric"
"154439_route","Categorical"
"154440_dose","Numeric"
"154440_route","Categorical"
"154441_dose","Numeric"
"154441_route","Categorical"
"154443_dose","Numeric"
"154443_route","Categorical"
"154445_dose","Numeric"
"154445_route","Categorical"
"154447_dose","Numeric"
"154447_route","Categorical"
"154449_dose","Numeric"
"154449_route","Categorical"
"154450_dose","Numeric"
"154450_route","Categorical"
"154456_dose","Numeric"
"154456_route","Categorical"
"154457_dose","Numeric"
"154457_route","Categorical"
"154458_dose","Numeric"
"154458_route","Categorical"
"154459_dose","Numeric"
"154459_route","Categorical"
"154460_dose","Numeric"
"154460_route","Categorical"
"154461_dose","Numeric"
"154461_route","Categorical"
"154464_dose","Numeric"
"154464_route","Categorical"
"154467_dose","Numeric"
"154467_route","Categorical"
"154469_dose","Numeric"
"154469_route","Categorical"
"154471_dose","Numeric"
"154471_route","Categorical"
"154472_dose","Numeric"
"154472_route","Categorical"
"154473_dose","Numeric"
"154473_route","Categorical"
"154474_dose","Numeric"
"154474_route","Categorical"
"154475_dose","Numeric"
"154475_route","Categorical"
"154477_dose","Numeric"
"154477_route","Categorical"
"154478_dose","Numeric"
"154478_route","Categorical"
"154479_dose","Numeric"
"154479_route","Categorical"
"154480_dose","Numeric"
"154480_route","Categorical"
"154483_dose","Numeric"
"154483_route","Categorical"
"154484_dose","Numeric"
"154484_route","Categorical"
"154486_dose","Numeric"
"154486_route","Categorical"
"154487_dose","Numeric"
"154487_route","Categorical"
"154493_dose","Numeric"
"154493_route","Categorical"
"154497_dose","Numeric"
"154497_route","Categorical"
"154498_dose","Numeric"
"154498_route","Categorical"
"154502_dose","Numeric"
"154502_route","Categorical"
"154503_dose","Numeric"
"154503_route","Categorical"
"154504_dose","Numeric"
"154504_route","Categorical"
"154505_dose","Numeric"
"154505_route","Categorical"
"154513_dose","Numeric"
"154513_route","Categorical"
"154514_dose","Numeric"
"154514_route","Categorical"
"154517_dose","Numeric"
"154517_route","Categorical"
"154518_dose","Numeric"
"154518_route","Categorical"
"154520_dose","Numeric"
"154520_route","Categorical"
"154521_dose","Numeric"
"154521_route","Categorical"
"154523_dose","Numeric"
"154523_route","Categorical"
"154524_dose","Numeric"
"154524_route","Categorical"
"154526_dose","Numeric"
"154526_route","Categorical"
"154527_dose","Numeric"
"154527_route","Categorical"
"154530_dose","Numeric"
"154530_route","Categorical"
"154531_dose","Numeric"
"154531_route","Categorical"
"154532_dose","Numeric"
"154532_route","Categorical"
"154533_dose","Numeric"
"154533_route","Categorical"
"154534_dose","Numeric"
"154534_route","Categorical"
"154536_dose","Numeric"
"154536_route","Categorical"
"154540_dose","Numeric"
"154540_route","Categorical"
"154543_dose","Numeric"
"154543_route","Categorical"
"154547_dose","Numeric"
"154547_route","Categorical"
"154549_dose","Numeric"
"154549_route","Categorical"
"154550_dose","Numeric"
"154550_route","Categorical"
"154551_dose","Numeric"
"154551_route","Categorical"
"154552_dose","Numeric"
"154552_route","Categorical"
"154553_dose","Numeric"
"154553_route","Categorical"
"154555_dose","Numeric"
"154555_route","Categorical"
"154557_dose","Numeric"
"154557_route","Categorical"
"154558_dose","Numeric"
"154558_route","Categorical"
"154560_dose","Numeric"
"154560_route","Categorical"
"154562_dose","Numeric"
"154562_route","Categorical"
"154563_dose","Numeric"
"154563_route","Categorical"
"154564_dose","Numeric"
"154564_route","Categorical"
"154567_dose","Numeric"
"154567_route","Categorical"
"154568_dose","Numeric"
"154568_route","Categorical"
"154569_dose","Numeric"
"154569_route","Categorical"
"154570_dose","Numeric"
"154570_route","Categorical"
"154574_dose","Numeric"
"154574_route","Categorical"
"154579_dose","Numeric"
"154579_route","Categorical"
"154582_dose","Numeric"
"154582_route","Categorical"
"154583_dose","Numeric"
"154583_route","Categorical"
"154584_dose","Numeric"
"154584_route","Categorical"
"154585_dose","Numeric"
"154585_route","Categorical"
"154587_dose","Numeric"
"154587_route","Categorical"
"154592_dose","Numeric"
"154592_route","Categorical"
"154593_dose","Numeric"
"154593_route","Categorical"
"154596_dose","Numeric"
"154596_route","Categorical"
"154597_dose","Numeric"
"154597_route","Categorical"
"154598_dose","Numeric"
"154598_route","Categorical"
"154600_dose","Numeric"
"154600_route","Categorical"
"154601_dose","Numeric"
"154601_route","Categorical"
"154602_dose","Numeric"
"154602_route","Categorical"
"154603_dose","Numeric"
"154603_route","Categorical"
"154606_dose","Numeric"
"154606_route","Categorical"
"154608_dose","Numeric"
"154608_route","Categorical"
"154609_dose","Numeric"
"154609_route","Categorical"
"154612_dose","Numeric"
"154612_route","Categorical"
"154613_dose","Numeric"
"154613_route","Categorical"
"154614_dose","Numeric"
"154614_route","Categorical"
"154615_dose","Numeric"
"154615_route","Categorical"
"154618_dose","Numeric"
"154618_route","Categorical"
"154622_dose","Numeric"
"154622_route","Categorical"
"154625_dose","Numeric"
"154625_route","Categorical"
"154626_dose","Numeric"
"154626_route","Categorical"
"154628_dose","Numeric"
"154628_route","Categorical"
"154632_dose","Numeric"
"154632_route","Categorical"
"154633_dose","Numeric"
"154633_route","Categorical"
"154640_dose","Numeric"
"154640_route","Categorical"
"154648_dose","Numeric"
"154648_route","Categorical"
"154650_dose","Numeric"
"154650_route","Categorical"
"154654_dose","Numeric"
"154654_route","Categorical"
"154656_dose","Numeric"
"154656_route","Categorical"
"154657_dose","Numeric"
"154657_route","Categorical"
"154658_dose","Numeric"
"154658_route","Categorical"
"154660_dose","Numeric"
"154660_route","Categorical"
"154662_dose","Numeric"
"154662_route","Categorical"
"154665_dose","Numeric"
"154665_route","Categorical"
"154666_dose","Numeric"
"154666_route","Categorical"
"154668_dose","Numeric"
"154668_route","Categorical"
"154670_dose","Numeric"
"154670_route","Categorical"
"154674_dose","Numeric"
"154674_route","Categorical"
"154675_dose","Numeric"
"154675_route","Categorical"
"154676_dose","Numeric"
"154676_route","Categorical"
"154679_dose","Numeric"
"154679_route","Categorical"
"154681_dose","Numeric"
"154681_route","Categorical"
"154683_dose","Numeric"
"154683_route","Categorical"
"154684_dose","Numeric"
"154684_route","Categorical"
"154685_dose","Numeric"
"154685_route","Categorical"
"154688_dose","Numeric"
"154688_route","Categorical"
"154692_dose","Numeric"
"154692_route","Categorical"
"154694_dose","Numeric"
"154694_route","Categorical"
"154695_dose","Numeric"
"154695_route","Categorical"
"154696_dose","Numeric"
"154696_route","Categorical"
"154698_dose","Numeric"
"154698_route","Categorical"
"154700_dose","Numeric"
"154700_route","Categorical"
"154703_dose","Numeric"
"154703_route","Categorical"
"154705_dose","Numeric"
"154705_route","Categorical"
"154707_dose","Numeric"
"154707_route","Categorical"
"154710_dose","Numeric"
"154710_route","Categorical"
"154711_dose","Numeric"
"154711_route","Categorical"
"154714_dose","Numeric"
"154714_route","Categorical"
"154717_dose","Numeric"
"154717_route","Categorical"
"154720_dose","Numeric"
"154720_route","Categorical"
"154722_dose","Numeric"
"154722_route","Categorical"
"154723_dose","Numeric"
"154723_route","Categorical"
"154724_dose","Numeric"
"154724_route","Categorical"
"154725_dose","Numeric"
"154725_route","Categorical"
"154726_dose","Numeric"
"154726_route","Categorical"
"154728_dose","Numeric"
"154728_route","Categorical"
"154729_dose","Numeric"
"154729_route","Categorical"
"154730_dose","Numeric"
"154730_route","Categorical"
"154731_dose","Numeric"
"154731_route","Categorical"
"154735_dose","Numeric"
"154735_route","Categorical"
"154741_dose","Numeric"
"154741_route","Categorical"
"154742_dose","Numeric"
"154742_route","Categorical"
"154744_dose","Numeric"
"154744_route","Categorical"
"154746_dose","Numeric"
"154746_route","Categorical"
"154748_dose","Numeric"
"154748_route","Categorical"
"154757_dose","Numeric"
"154757_route","Categorical"
"154761_dose","Numeric"
"154761_route","Categorical"
"154762_dose","Numeric"
"154762_route","Categorical"
"154763_dose","Numeric"
"154763_route","Categorical"
"154765_dose","Numeric"
"154765_route","Categorical"
"154766_dose","Numeric"
"154766_route","Categorical"
"154768_dose","Numeric"
"154768_route","Categorical"
"154769_dose","Numeric"
"154769_route","Categorical"
"154772_dose","Numeric"
"154772_route","Categorical"
"154774_dose","Numeric"
"154774_route","Categorical"
"154776_dose","Numeric"
"154776_route","Categorical"
"154777_dose","Numeric"
"154777_route","Categorical"
"154783_dose","Numeric"
"154783_route","Categorical"
"154785_dose","Numeric"
"154785_route","Categorical"
"154786_dose","Numeric"
"154786_route","Categorical"
"154789_dose","Numeric"
"154789_route","Categorical"
"154791_dose","Numeric"
"154791_route","Categorical"
"154798_dose","Numeric"
"154798_route","Categorical"
"154806_dose","Numeric"
"154806_route","Categorical"
"154807_dose","Numeric"
"154807_route","Categorical"
"154809_dose","Numeric"
"154809_route","Categorical"
"154810_dose","Numeric"
"154810_route","Categorical"
"154811_dose","Numeric"
"154811_route","Categorical"
"154815_dose","Numeric"
"154815_route","Categorical"
"154817_dose","Numeric"
"154817_route","Categorical"
"154818_dose","Numeric"
"154818_route","Categorical"
"154819_dose","Numeric"
"154819_route","Categorical"
"154820_dose","Numeric"
"154820_route","Categorical"
"154821_dose","Numeric"
"154821_route","Categorical"
"154822_dose","Numeric"
"154822_route","Categorical"
"154823_dose","Numeric"
"154823_route","Categorical"
"154825_dose","Numeric"
"154825_route","Categorical"
"154826_dose","Numeric"
"154826_route","Categorical"
"154827_dose","Numeric"
"154827_route","Categorical"
"154828_dose","Numeric"
"154828_route","Categorical"
"154831_dose","Numeric"
"154831_route","Categorical"
"154832_dose","Numeric"
"154832_route","Categorical"
"154833_dose","Numeric"
"154833_route","Categorical"
"154834_dose","Numeric"
"154834_route","Categorical"
"154837_dose","Numeric"
"154837_route","Categorical"
"154838_dose","Numeric"
"154838_route","Categorical"
"154841_dose","Numeric"
"154841_route","Categorical"
"154842_dose","Numeric"
"154842_route","Categorical"
"154843_dose","Numeric"
"154843_route","Categorical"
"154845_dose","Numeric"
"154845_route","Categorical"
"154846_dose","Numeric"
"154846_route","Categorical"
"154848_dose","Numeric"
"154848_route","Categorical"
"154849_dose","Numeric"
"154849_route","Categorical"
"154851_dose","Numeric"
"154851_route","Categorical"
"154853_dose","Numeric"
"154853_route","Categorical"
"154856_dose","Numeric"
"154856_route","Categorical"
"154864_dose","Numeric"
"154864_route","Categorical"
"154865_dose","Numeric"
"154865_route","Categorical"
"154868_dose","Numeric"
"154868_route","Categorical"
"154870_dose","Numeric"
"154870_route","Categorical"
"154871_dose","Numeric"
"154871_route","Categorical"
"154874_dose","Numeric"
"154874_route","Categorical"
"154875_dose","Numeric"
"154875_route","Categorical"
"154876_dose","Numeric"
"154876_route","Categorical"
"154877_dose","Numeric"
"154877_route","Categorical"
"154878_dose","Numeric"
"154878_route","Categorical"
"154880_dose","Numeric"
"154880_route","Categorical"
"154882_dose","Numeric"
"154882_route","Categorical"
"154883_dose","Numeric"
"154883_route","Categorical"
"154885_dose","Numeric"
"154885_route","Categorical"
"154890_dose","Numeric"
"154890_route","Categorical"
"154893_dose","Numeric"
"154893_route","Categorical"
"154897_dose","Numeric"
"154897_route","Categorical"
"154899_dose","Numeric"
"154899_route","Categorical"
"154901_dose","Numeric"
"154901_route","Categorical"
"154902_dose","Numeric"
"154902_route","Categorical"
"154910_dose","Numeric"
"154910_route","Categorical"
"154914_dose","Numeric"
"154914_route","Categorical"
"154915_dose","Numeric"
"154915_route","Categorical"
"154918_dose","Numeric"
"154918_route","Categorical"
"154920_dose","Numeric"
"154920_route","Categorical"
"154922_dose","Numeric"
"154922_route","Categorical"
"154923_dose","Numeric"
"154923_route","Categorical"
"154925_dose","Numeric"
"154925_route","Categorical"
"154930_dose","Numeric"
"154930_route","Categorical"
"154934_dose","Numeric"
"154934_route","Categorical"
"154936_dose","Numeric"
"154936_route","Categorical"
"154937_dose","Numeric"
"154937_route","Categorical"
"154940_dose","Numeric"
"154940_route","Categorical"
"154941_dose","Numeric"
"154941_route","Categorical"
"154943_dose","Numeric"
"154943_route","Categorical"
"154944_dose","Numeric"
"154944_route","Categorical"
"154945_dose","Numeric"
"154945_route","Categorical"
"154946_dose","Numeric"
"154946_route","Categorical"
"154947_dose","Numeric"
"154947_route","Categorical"
"154948_dose","Numeric"
"154948_route","Categorical"
"154950_dose","Numeric"
"154950_route","Categorical"
"154951_dose","Numeric"
"154951_route","Categorical"
"154952_dose","Numeric"
"154952_route","Categorical"
"154954_dose","Numeric"
"154954_route","Categorical"
"154958_dose","Numeric"
"154958_route","Categorical"
"154964_dose","Numeric"
"154964_route","Categorical"
"154965_dose","Numeric"
"154965_route","Categorical"
"154969_dose","Numeric"
"154969_route","Categorical"
"154970_dose","Numeric"
"154970_route","Categorical"
"154971_dose","Numeric"
"154971_route","Categorical"
"154975_dose","Numeric"
"154975_route","Categorical"
"154979_dose","Numeric"
"154979_route","Categorical"
"154982_dose","Numeric"
"154982_route","Categorical"
"154983_dose","Numeric"
"154983_route","Categorical"
"154987_dose","Numeric"
"154987_route","Categorical"
"154993_dose","Numeric"
"154993_route","Categorical"
"154996_dose","Numeric"
"154996_route","Categorical"
"155003_dose","Numeric"
"155003_route","Categorical"
"155006_dose","Numeric"
"155006_route","Categorical"
"155011_dose","Numeric"
"155011_route","Categorical"
"155012_dose","Numeric"
"155012_route","Categorical"
"155014_dose","Numeric"
"155014_route","Categorical"
"155015_dose","Numeric"
"155015_route","Categorical"
"155021_dose","Numeric"
"155021_route","Categorical"
"155022_dose","Numeric"
"155022_route","Categorical"
"155023_dose","Numeric"
"155023_route","Categorical"
"155024_dose","Numeric"
"155024_route","Categorical"
"155031_dose","Numeric"
"155031_route","Categorical"
"155032_dose","Numeric"
"155032_route","Categorical"
"155041_dose","Numeric"
"155041_route","Categorical"
"155042_dose","Numeric"
"155042_route","Categorical"
"155043_dose","Numeric"
"155043_route","Categorical"
"155045_dose","Numeric"
"155045_route","Categorical"
"155050_dose","Numeric"
"155050_route","Categorical"
"155054_dose","Numeric"
"155054_route","Categorical"
"155056_dose","Numeric"
"155056_route","Categorical"
"155059_dose","Numeric"
"155059_route","Categorical"
"155060_dose","Numeric"
"155060_route","Categorical"
"155063_dose","Numeric"
"155063_route","Categorical"
"155067_dose","Numeric"
"155067_route","Categorical"
"155068_dose","Numeric"
"155068_route","Categorical"
"155074_dose","Numeric"
"155074_route","Categorical"
"155076_dose","Numeric"
"155076_route","Categorical"
"155079_dose","Numeric"
"155079_route","Categorical"
"155081_dose","Numeric"
"155081_route","Categorical"
"155082_dose","Numeric"
"155082_route","Categorical"
"155088_dose","Numeric"
"155088_route","Categorical"
"155090_dose","Numeric"
"155090_route","Categorical"
"155093_dose","Numeric"
"155093_route","Categorical"
"155094_dose","Numeric"
"155094_route","Categorical"
"155095_dose","Numeric"
"155095_route","Categorical"
"155096_dose","Numeric"
"155096_route","Categorical"
"155098_dose","Numeric"
"155098_route","Categorical"
"155100_dose","Numeric"
"155100_route","Categorical"
"183360_dose","Numeric"
"183360_route","Categorical"
"183367_dose","Numeric"
"183367_route","Categorical"
"183370_dose","Numeric"
"183370_route","Categorical"
"183373_dose","Numeric"
"183373_route","Categorical"
"183374_dose","Numeric"
"183374_route","Categorical"
"183375_dose","Numeric"
"183375_route","Categorical"
"183376_dose","Numeric"
"183376_route","Categorical"
"183380_dose","Numeric"
"183380_route","Categorical"
"183383_dose","Numeric"
"183383_route","Categorical"
"183386_dose","Numeric"
"183386_route","Categorical"
"183392_dose","Numeric"
"183392_route","Categorical"
"183405_dose","Numeric"
"183405_route","Categorical"
"183409_dose","Numeric"
"183409_route","Categorical"
"183411_dose","Numeric"
"183411_route","Categorical"
"183412_dose","Numeric"
"183412_route","Categorical"
"183413_dose","Numeric"
"183413_route","Categorical"
"183414_dose","Numeric"
"183414_route","Categorical"
"183415_dose","Numeric"
"183415_route","Categorical"
"183417_dose","Numeric"
"183417_route","Categorical"
"183418_dose","Numeric"
"183418_route","Categorical"
"183419_dose","Numeric"
"183419_route","Categorical"
"183421_dose","Numeric"
"183421_route","Categorical"
"183426_dose","Numeric"
"183426_route","Categorical"
"183427_dose","Numeric"
"183427_route","Categorical"
"183435_dose","Numeric"
"183435_route","Categorical"
"183436_dose","Numeric"
"183436_route","Categorical"
"183458_dose","Numeric"
"183458_route","Categorical"
"183461_dose","Numeric"
"183461_route","Categorical"
"183471_dose","Numeric"
"183471_route","Categorical"
"183483_dose","Numeric"
"183483_route","Categorical"
"183485_dose","Numeric"
"183485_route","Categorical"
"183491_dose","Numeric"
"183491_route","Categorical"
"183492_dose","Numeric"
"183492_route","Categorical"
"183493_dose","Numeric"
"183493_route","Categorical"
"183495_dose","Numeric"
"183495_route","Categorical"
"183496_dose","Numeric"
"183496_route","Categorical"
"183502_dose","Numeric"
"183502_route","Categorical"
"183507_dose","Numeric"
"183507_route","Categorical"
"183509_dose","Numeric"
"183509_route","Categorical"
"183513_dose","Numeric"
"183513_route","Categorical"
"183516_dose","Numeric"
"183516_route","Categorical"
"183520_dose","Numeric"
"183520_route","Categorical"
"183523_dose","Numeric"
"183523_route","Categorical"
"183527_dose","Numeric"
"183527_route","Categorical"
"183532_dose","Numeric"
"183532_route","Categorical"
"183538_dose","Numeric"
"183538_route","Categorical"
"183540_dose","Numeric"
"183540_route","Categorical"
"183552_dose","Numeric"
"183552_route","Categorical"
"183553_dose","Numeric"
"183553_route","Categorical"
"183554_dose","Numeric"
"183554_route","Categorical"
"183555_dose","Numeric"
"183555_route","Categorical"
"183556_dose","Numeric"
"183556_route","Categorical"
"183558_dose","Numeric"
"183558_route","Categorical"
"183565_dose","Numeric"
"183565_route","Categorical"
"183569_dose","Numeric"
"183569_route","Categorical"
"183571_dose","Numeric"
"183571_route","Categorical"
"183576_dose","Numeric"
"183576_route","Categorical"
"183580_dose","Numeric"
"183580_route","Categorical"
"183586_dose","Numeric"
"183586_route","Categorical"
"183592_dose","Numeric"
"183592_route","Categorical"
"183598_dose","Numeric"
"183598_route","Categorical"
"183599_dose","Numeric"
"183599_route","Categorical"
"183607_dose","Numeric"
"183607_route","Categorical"
"183612_dose","Numeric"
"183612_route","Categorical"
"183619_dose","Numeric"
"183619_route","Categorical"
"183620_dose","Numeric"
"183620_route","Categorical"
"183626_dose","Numeric"
"183626_route","Categorical"
"183629_dose","Numeric"
"183629_route","Categorical"
"183630_dose","Numeric"
"183630_route","Categorical"
"183634_dose","Numeric"
"183634_route","Categorical"
"183636_dose","Numeric"
"183636_route","Categorical"
"183638_dose","Numeric"
"183638_route","Categorical"
"183648_dose","Numeric"
"183648_route","Categorical"
"183650_dose","Numeric"
"183650_route","Categorical"
"183657_dose","Numeric"
"183657_route","Categorical"
"183664_dose","Numeric"
"183664_route","Categorical"
"183667_dose","Numeric"
"183667_route","Categorical"
"183670_dose","Numeric"
"183670_route","Categorical"
"183674_dose","Numeric"
"183674_route","Categorical"
"183676_dose","Numeric"
"183676_route","Categorical"
"183678_dose","Numeric"
"183678_route","Categorical"
"183679_dose","Numeric"
"183679_route","Categorical"
"183684_dose","Numeric"
"183684_route","Categorical"
"183690_dose","Numeric"
"183690_route","Categorical"
"183698_dose","Numeric"
"183698_route","Categorical"
"183700_dose","Numeric"
"183700_route","Categorical"
"183701_dose","Numeric"
"183701_route","Categorical"
"183703_dose","Numeric"
"183703_route","Categorical"
"183706_dose","Numeric"
"183706_route","Categorical"
"183711_dose","Numeric"
"183711_route","Categorical"
"183714_dose","Numeric"
"183714_route","Categorical"
"183718_dose","Numeric"
"183718_route","Categorical"
"183722_dose","Numeric"
"183722_route","Categorical"
"183729_dose","Numeric"
"183729_route","Categorical"
"183740_dose","Numeric"
"183740_route","Categorical"
"183741_dose","Numeric"
"183741_route","Categorical"
"183745_dose","Numeric"
"183745_route","Categorical"
"183747_dose","Numeric"
"183747_route","Categorical"
"183750_dose","Numeric"
"183750_route","Categorical"
"183760_dose","Numeric"
"183760_route","Categorical"
"183763_dose","Numeric"
"183763_route","Categorical"
"183764_dose","Numeric"
"183764_route","Categorical"
"183766_dose","Numeric"
"183766_route","Categorical"
"183768_dose","Numeric"
"183768_route","Categorical"
"183769_dose","Numeric"
"183769_route","Categorical"
"183774_dose","Numeric"
"183774_route","Categorical"
"183781_dose","Numeric"
"183781_route","Categorical"
"183784_dose","Numeric"
"183784_route","Categorical"
"183792_dose","Numeric"
"183792_route","Categorical"
"183797_dose","Numeric"
"183797_route","Categorical"
"183798_dose","Numeric"
"183798_route","Categorical"
"183799_dose","Numeric"
"183799_route","Categorical"
"183802_dose","Numeric"
"183802_route","Categorical"
"183808_dose","Numeric"
"183808_route","Categorical"
"183810_dose","Numeric"
"183810_route","Categorical"
"183811_dose","Numeric"
"183811_route","Categorical"
"183815_dose","Numeric"
"183815_route","Categorical"
"183818_dose","Numeric"
"183818_route","Categorical"
"183823_dose","Numeric"
"183823_route","Categorical"
"183830_dose","Numeric"
"183830_route","Categorical"
"183831_dose","Numeric"
"183831_route","Categorical"
"183833_dose","Numeric"
"183833_route","Categorical"
"183847_dose","Numeric"
"183847_route","Categorical"
"183851_dose","Numeric"
"183851_route","Categorical"
"183855_dose","Numeric"
"183855_route","Categorical"
"183867_dose","Numeric"
"183867_route","Categorical"
"183871_dose","Numeric"
"183871_route","Categorical"
"183884_dose","Numeric"
"183884_route","Categorical"
"183892_dose","Numeric"
"183892_route","Categorical"
"183895_dose","Numeric"
"183895_route","Categorical"
"183899_dose","Numeric"
"183899_route","Categorical"
"183900_dose","Numeric"
"183900_route","Categorical"
"183904_dose","Numeric"
"183904_route","Categorical"
"183906_dose","Numeric"
"183906_route","Categorical"
"183909_dose","Numeric"
"183909_route","Categorical"
"183910_dose","Numeric"
"183910_route","Categorical"
"183911_dose","Numeric"
"183911_route","Categorical"
"183914_dose","Numeric"
"183914_route","Categorical"
"183919_dose","Numeric"
"183919_route","Categorical"
"183921_dose","Numeric"
"183921_route","Categorical"
"183924_dose","Numeric"
"183924_route","Categorical"
"183934_dose","Numeric"
"183934_route","Categorical"
"183937_dose","Numeric"
"183937_route","Categorical"
"183943_dose","Numeric"
"183943_route","Categorical"
"183944_dose","Numeric"
"183944_route","Categorical"
"183947_dose","Numeric"
"183947_route","Categorical"
"183958_dose","Numeric"
"183958_route","Categorical"
"183966_dose","Numeric"
"183966_route","Categorical"
"183990_dose","Numeric"
"183990_route","Categorical"
"183991_dose","Numeric"
"183991_route","Categorical"
"184004_dose","Numeric"
"184004_route","Categorical"
"184005_dose","Numeric"
"184005_route","Categorical"
"184006_dose","Numeric"
"184006_route","Categorical"
"184007_dose","Numeric"
"184007_route","Categorical"
"184008_dose","Numeric"
"184008_route","Categorical"
"184012_dose","Numeric"
"184012_route","Categorical"
"184014_dose","Numeric"
"184014_route","Categorical"
"184016_dose","Numeric"
"184016_route","Categorical"
"184019_dose","Numeric"
"184019_route","Categorical"
"184021_dose","Numeric"
"184021_route","Categorical"
"184026_dose","Numeric"
"184026_route","Categorical"
"184030_dose","Numeric"
"184030_route","Categorical"
"184043_dose","Numeric"
"184043_route","Categorical"
"184053_dose","Numeric"
"184053_route","Categorical"
"184055_dose","Numeric"
"184055_route","Categorical"
"184057_dose","Numeric"
"184057_route","Categorical"
"184069_dose","Numeric"
"184069_route","Categorical"
"184073_dose","Numeric"
"184073_route","Categorical"
"184075_dose","Numeric"
"184075_route","Categorical"
"184076_dose","Numeric"
"184076_route","Categorical"
"184077_dose","Numeric"
"184077_route","Categorical"
"184083_dose","Numeric"
"184083_route","Categorical"
"184088_dose","Numeric"
"184088_route","Categorical"
"184089_dose","Numeric"
"184089_route","Categorical"
"184092_dose","Numeric"
"184092_route","Categorical"
"184094_dose","Numeric"
"184094_route","Categorical"
"184111_dose","Numeric"
"184111_route","Categorical"
"184113_dose","Numeric"
"184113_route","Categorical"
"184115_dose","Numeric"
"184115_route","Categorical"
"184117_dose","Numeric"
"184117_route","Categorical"
"184120_dose","Numeric"
"184120_route","Categorical"
"184126_dose","Numeric"
"184126_route","Categorical"
"184127_dose","Numeric"
"184127_route","Categorical"
"184131_dose","Numeric"
"184131_route","Categorical"
"184135_dose","Numeric"
"184135_route","Categorical"
"184141_dose","Numeric"
"184141_route","Categorical"
"184155_dose","Numeric"
"184155_route","Categorical"
"184158_dose","Numeric"
"184158_route","Categorical"
"184183_dose","Numeric"
"184183_route","Categorical"
"184186_dose","Numeric"
"184186_route","Categorical"
"184187_dose","Numeric"
"184187_route","Categorical"
"184198_dose","Numeric"
"184198_route","Categorical"
"184200_dose","Numeric"
"184200_route","Categorical"
"184205_dose","Numeric"
"184205_route","Categorical"
"184209_dose","Numeric"
"184209_route","Categorical"
"184211_dose","Numeric"
"184211_route","Categorical"
"184218_dose","Numeric"
"184218_route","Categorical"
"184220_dose","Numeric"
"184220_route","Categorical"
"184235_dose","Numeric"
"184235_route","Categorical"
"184237_dose","Numeric"
"184237_route","Categorical"
"184246_dose","Numeric"
"184246_route","Categorical"
"184249_dose","Numeric"
"184249_route","Categorical"
"184266_dose","Numeric"
"184266_route","Categorical"
"184276_dose","Numeric"
"184276_route","Categorical"
"184281_dose","Numeric"
"184281_route","Categorical"
"184290_dose","Numeric"
"184290_route","Categorical"
"184301_dose","Numeric"
"184301_route","Categorical"
"184308_dose","Numeric"
"184308_route","Categorical"
"184310_dose","Numeric"
"184310_route","Categorical"
"184313_dose","Numeric"
"184313_route","Categorical"
"184317_dose","Numeric"
"184317_route","Categorical"
"184324_dose","Numeric"
"184324_route","Categorical"
"184335_dose","Numeric"
"184335_route","Categorical"
"184339_dose","Numeric"
"184339_route","Categorical"
"184348_dose","Numeric"
"184348_route","Categorical"
"184353_dose","Numeric"
"184353_route","Categorical"
"184354_dose","Numeric"
"184354_route","Categorical"
"184369_dose","Numeric"
"184369_route","Categorical"
"184379_dose","Numeric"
"184379_route","Categorical"
"184380_dose","Numeric"
"184380_route","Categorical"
"184389_dose","Numeric"
"184389_route","Categorical"
"184390_dose","Numeric"
"184390_route","Categorical"
"184429_dose","Numeric"
"184429_route","Categorical"
"184436_dose","Numeric"
"184436_route","Categorical"
"184454_dose","Numeric"
"184454_route","Categorical"
"184462_dose","Numeric"
"184462_route","Categorical"
"184473_dose","Numeric"
"184473_route","Categorical"
"184490_dose","Numeric"
"184490_route","Categorical"
"184505_dose","Numeric"
"184505_route","Categorical"
"184514_dose","Numeric"
"184514_route","Categorical"
"184532_dose","Numeric"
"184532_route","Categorical"
"184548_dose","Numeric"
"184548_route","Categorical"
"184549_dose","Numeric"
"184549_route","Categorical"
"184579_dose","Numeric"
"184579_route","Categorical"
"184587_dose","Numeric"
"184587_route","Categorical"
"184588_dose","Numeric"
"184588_route","Categorical"
"184596_dose","Numeric"
"184596_route","Categorical"
"184599_dose","Numeric"
"184599_route","Categorical"
"184625_dose","Numeric"
"184625_route","Categorical"
"184627_dose","Numeric"
"184627_route","Categorical"
"184629_dose","Numeric"
"184629_route","Categorical"
"184632_dose","Numeric"
"184632_route","Categorical"
"184641_dose","Numeric"
"184641_route","Categorical"
"184649_dose","Numeric"
"184649_route","Categorical"
"190835_dose","Numeric"
"190835_route","Categorical"
"190836_dose","Numeric"
"190836_route","Categorical"
"190857_dose","Numeric"
"190857_route","Categorical"
"190862_dose","Numeric"
"190862_route","Categorical"
"190864_dose","Numeric"
"190864_route","Categorical"
"190869_dose","Numeric"
"190869_route","Categorical"
"190870_dose","Numeric"
"190870_route","Categorical"
"190878_dose","Numeric"
"190878_route","Categorical"
"190890_dose","Numeric"
"190890_route","Categorical"
"190895_dose","Numeric"
"190895_route","Categorical"
"190899_dose","Numeric"
"190899_route","Categorical"
"190905_dose","Numeric"
"190905_route","Categorical"
"190906_dose","Numeric"
"190906_route","Categorical"
"190912_dose","Numeric"
"190912_route","Categorical"
"190916_dose","Numeric"
"190916_route","Categorical"
"190920_dose","Numeric"
"190920_route","Categorical"
"190944_dose","Numeric"
"190944_route","Categorical"
"190948_dose","Numeric"
"190948_route","Categorical"
"190949_dose","Numeric"
"190949_route","Categorical"
"190961_dose","Numeric"
"190961_route","Categorical"
"190967_dose","Numeric"
"190967_route","Categorical"
"190983_dose","Numeric"
"190983_route","Categorical"
"190987_dose","Numeric"
"190987_route","Categorical"
"190991_dose","Numeric"
"190991_route","Categorical"
"190995_dose","Numeric"
"190995_route","Categorical"
"191003_dose","Numeric"
"191003_route","Categorical"
"191004_dose","Numeric"
"191004_route","Categorical"
"191016_dose","Numeric"
"191016_route","Categorical"
"191017_dose","Numeric"
"191017_route","Categorical"
"191030_dose","Numeric"
"191030_route","Categorical"
"191040_dose","Numeric"
"191040_route","Categorical"
"191044_dose","Numeric"
"191044_route","Categorical"
"191060_dose","Numeric"
"191060_route","Categorical"
"191063_dose","Numeric"
"191063_route","Categorical"
"191064_dose","Numeric"
"191064_route","Categorical"
"191065_dose","Numeric"
"191065_route","Categorical"
"191067_dose","Numeric"
"191067_route","Categorical"
"191068_dose","Numeric"
"191068_route","Categorical"
"191072_dose","Numeric"
"191072_route","Categorical"
"191078_dose","Numeric"
"191078_route","Categorical"
"191083_dose","Numeric"
"191083_route","Categorical"
"191085_dose","Numeric"
"191085_route","Categorical"
"191089_dose","Numeric"
"191089_route","Categorical"
"191100_dose","Numeric"
"191100_route","Categorical"
"191110_dose","Numeric"
"191110_route","Categorical"
"191112_dose","Numeric"
"191112_route","Categorical"
"191119_dose","Numeric"
"191119_route","Categorical"
"191124_dose","Numeric"
"191124_route","Categorical"
"191125_dose","Numeric"
"191125_route","Categorical"
"191127_dose","Numeric"
"191127_route","Categorical"
"191128_dose","Numeric"
"191128_route","Categorical"
"191132_dose","Numeric"
"191132_route","Categorical"
"191135_dose","Numeric"
"191135_route","Categorical"
"191136_dose","Numeric"
"191136_route","Categorical"
"191137_dose","Numeric"
"191137_route","Categorical"
"191139_dose","Numeric"
"191139_route","Categorical"
"191145_dose","Numeric"
"191145_route","Categorical"
"191167_dose","Numeric"
"191167_route","Categorical"
"191183_dose","Numeric"
"191183_route","Categorical"
"191188_dose","Numeric"
"191188_route","Categorical"
"191189_dose","Numeric"
"191189_route","Categorical"
"191210_dose","Numeric"
"191210_route","Categorical"
"191211_dose","Numeric"
"191211_route","Categorical"
"191216_dose","Numeric"
"191216_route","Categorical"
"191223_dose","Numeric"
"191223_route","Categorical"
"191226_dose","Numeric"
"191226_route","Categorical"
"191227_dose","Numeric"
"191227_route","Categorical"
"191236_dose","Numeric"
"191236_route","Categorical"
"191239_dose","Numeric"
"191239_route","Categorical"
"191241_dose","Numeric"
"191241_route","Categorical"
"191245_dose","Numeric"
"191245_route","Categorical"
"191246_dose","Numeric"
"191246_route","Categorical"
"191248_dose","Numeric"
"191248_route","Categorical"
"191249_dose","Numeric"
"191249_route","Categorical"
"191255_dose","Numeric"
"191255_route","Categorical"
"191263_dose","Numeric"
"191263_route","Categorical"
"191264_dose","Numeric"
"191264_route","Categorical"
"191269_dose","Numeric"
"191269_route","Categorical"
"191273_dose","Numeric"
"191273_route","Categorical"
"191280_dose","Numeric"
"191280_route","Categorical"
"191282_dose","Numeric"
"191282_route","Categorical"
"191289_dose","Numeric"
"191289_route","Categorical"
"191294_dose","Numeric"
"191294_route","Categorical"
"191300_dose","Numeric"
"191300_route","Categorical"
"191308_dose","Numeric"
"191308_route","Categorical"
"191319_dose","Numeric"
"191319_route","Categorical"
"191320_dose","Numeric"
"191320_route","Categorical"
"191323_dose","Numeric"
"191323_route","Categorical"
"191334_dose","Numeric"
"191334_route","Categorical"
"191342_dose","Numeric"
"191342_route","Categorical"
"191343_dose","Numeric"
"191343_route","Categorical"
"191348_dose","Numeric"
"191348_route","Categorical"
"191356_dose","Numeric"
"191356_route","Categorical"
"191359_dose","Numeric"
"191359_route","Categorical"
"191360_dose","Numeric"
"191360_route","Categorical"
"191366_dose","Numeric"
"191366_route","Categorical"
"191371_dose","Numeric"
"191371_route","Categorical"
"191372_dose","Numeric"
"191372_route","Categorical"
"191374_dose","Numeric"
"191374_route","Categorical"
"191381_dose","Numeric"
"191381_route","Categorical"
"191382_dose","Numeric"
"191382_route","Categorical"
"191388_dose","Numeric"
"191388_route","Categorical"
"191391_dose","Numeric"
"191391_route","Categorical"
"191393_dose","Numeric"
"191393_route","Categorical"
"191415_dose","Numeric"
"191415_route","Categorical"
"191431_dose","Numeric"
"191431_route","Categorical"
"191434_dose","Numeric"
"191434_route","Categorical"
"191436_dose","Numeric"
"191436_route","Categorical"
"191442_dose","Numeric"
"191442_route","Categorical"
"191444_dose","Numeric"
"191444_route","Categorical"
"191446_dose","Numeric"
"191446_route","Categorical"
"191448_dose","Numeric"
"191448_route","Categorical"
"191460_dose","Numeric"
"191460_route","Categorical"
"191469_dose","Numeric"
"191469_route","Categorical"
"191475_dose","Numeric"
"191475_route","Categorical"
"191480_dose","Numeric"
"191480_route","Categorical"
"191495_dose","Numeric"
"191495_route","Categorical"
"191509_dose","Numeric"
"191509_route","Categorical"
"191513_dose","Numeric"
"191513_route","Categorical"
"191532_dose","Numeric"
"191532_route","Categorical"
"191541_dose","Numeric"
"191541_route","Categorical"
"191560_dose","Numeric"
"191560_route","Categorical"
"191563_dose","Numeric"
"191563_route","Categorical"
"191565_dose","Numeric"
"191565_route","Categorical"
"191584_dose","Numeric"
"191584_route","Categorical"
"191585_dose","Numeric"
"191585_route","Categorical"
"191591_dose","Numeric"
"191591_route","Categorical"
"191599_dose","Numeric"
"191599_route","Categorical"
"191626_dose","Numeric"
"191626_route","Categorical"
"191634_dose","Numeric"
"191634_route","Categorical"
"191644_dose","Numeric"
"191644_route","Categorical"
"191645_dose","Numeric"
"191645_route","Categorical"
"191664_dose","Numeric"
"191664_route","Categorical"
"191674_dose","Numeric"
"191674_route","Categorical"
"191697_dose","Numeric"
"191697_route","Categorical"
"191698_dose","Numeric"
"191698_route","Categorical"
"191701_dose","Numeric"
"191701_route","Categorical"
"191709_dose","Numeric"
"191709_route","Categorical"
"191715_dose","Numeric"
"191715_route","Categorical"
"191720_dose","Numeric"
"191720_route","Categorical"
"191721_dose","Numeric"
"191721_route","Categorical"
"191723_dose","Numeric"
"191723_route","Categorical"
"191731_dose","Numeric"
"191731_route","Categorical"
"191734_dose","Numeric"
"191734_route","Categorical"
"191738_dose","Numeric"
"191738_route","Categorical"
"191746_dose","Numeric"
"191746_route","Categorical"
"191759_dose","Numeric"
"191759_route","Categorical"
"191762_dose","Numeric"
"191762_route","Categorical"
"191768_dose","Numeric"
"191768_route","Categorical"
"191781_dose","Numeric"
"191781_route","Categorical"
"191782_dose","Numeric"
"191782_route","Categorical"
"191784_dose","Numeric"
"191784_route","Categorical"
"191793_dose","Numeric"
"191793_route","Categorical"
"191798_dose","Numeric"
"191798_route","Categorical"
"191812_dose","Numeric"
"191812_route","Categorical"
"191822_dose","Numeric"
"191822_route","Categorical"
"191863_dose","Numeric"
"191863_route","Categorical"
"191864_dose","Numeric"
"191864_route","Categorical"
"191889_dose","Numeric"
"191889_route","Categorical"
"191918_dose","Numeric"
"191918_route","Categorical"
"191953_dose","Numeric"
"191953_route","Categorical"
"191968_dose","Numeric"
"191968_route","Categorical"
"191979_dose","Numeric"
"191979_route","Categorical"
"192005_dose","Numeric"
"192005_route","Categorical"
"192010_dose","Numeric"
"192010_route","Categorical"
"192034_dose","Numeric"
"192034_route","Categorical"
"192038_dose","Numeric"
"192038_route","Categorical"
"192061_dose","Numeric"
"192061_route","Categorical"
"192106_dose","Numeric"
"192106_route","Categorical"
"192143_dose","Numeric"
"192143_route","Categorical"
"192151_dose","Numeric"
"192151_route","Categorical"
"192194_dose","Numeric"
"192194_route","Categorical"
"192205_dose","Numeric"
"192205_route","Categorical"
"192245_dose","Numeric"
"192245_route","Categorical"
"192309_dose","Numeric"
"192309_route","Categorical"
"192361_dose","Numeric"
"192361_route","Categorical"
"192374_dose","Numeric"
"192374_route","Categorical"
"192422_dose","Numeric"
"192422_route","Categorical"
"192462_dose","Numeric"
"192462_route","Categorical"
"192474_dose","Numeric"
"192474_route","Categorical"
"192513_dose","Numeric"
"192513_route","Categorical"
"192524_dose","Numeric"
"192524_route","Categorical"
"192644_dose","Numeric"
"192644_route","Categorical"
"192645_dose","Numeric"
"192645_route","Categorical"
"192688_dose","Numeric"
"192688_route","Categorical"
"192703_dose","Numeric"
"192703_route","Categorical"
"192723_dose","Numeric"
"192723_route","Categorical"
"192760_dose","Numeric"
"192760_route","Categorical"
"192801_dose","Numeric"
"192801_route","Categorical"
"192866_dose","Numeric"
"192866_route","Categorical"
"192939_dose","Numeric"
"192939_route","Categorical"
"192970_dose","Numeric"
"192970_route","Categorical"
"193024_dose","Numeric"
"193024_route","Categorical"
"193037_dose","Numeric"
"193037_route","Categorical"
"193091_dose","Numeric"
"193091_route","Categorical"
"193162_dose","Numeric"
"193162_route","Categorical"
"193231_dose","Numeric"
"193231_route","Categorical"
"193299_dose","Numeric"
"193299_route","Categorical"
"193320_dose","Numeric"
"193320_route","Categorical"
"193382_dose","Numeric"
"193382_route","Categorical"
"193387_dose","Numeric"
"193387_route","Categorical"
"193688_dose","Numeric"
"193688_route","Categorical"
"193692_dose","Numeric"
"193692_route","Categorical"
"193801_dose","Numeric"
"193801_route","Categorical"
"193806_dose","Numeric"
"193806_route","Categorical"
"193828_dose","Numeric"
"193828_route","Categorical"
"194088_dose","Numeric"
"194088_route","Categorical"
"194089_dose","Numeric"
"194089_route","Categorical"
"194098_dose","Numeric"
"194098_route","Categorical"
"199802_dose","Numeric"
"199802_route","Categorical"
"199805_dose","Numeric"
"199805_route","Categorical"
"208203_dose","Numeric"
"208203_route","Categorical"
"208210_dose","Numeric"
"208210_route","Categorical"
"209865_dose","Numeric"
"209865_route","Categorical"
"209878_dose","Numeric"
"209878_route","Categorical"
"211163_dose","Numeric"
"211163_route","Categorical"
"211174_dose","Numeric"
"211174_route","Categorical"
"212261_dose","Numeric"
"212261_route","Categorical"
"216235_dose","Numeric"
"216235_route","Categorical"
"216332_dose","Numeric"
"216332_route","Categorical"
"216458_dose","Numeric"
"216458_route","Categorical"
"300841_dose","Numeric"
"300841_route","Categorical"
"306961_dose","Numeric"
"306961_route","Categorical"
"306992_dose","Numeric"
"306992_route","Categorical"
"307010_dose","Numeric"
"307010_route","Categorical"
"307014_dose","Numeric"
"307014_route","Categorical"
"324878_dose","Numeric"
"324878_route","Categorical"
"324915_dose","Numeric"
"324915_route","Categorical"
"324928_dose","Numeric"
"324928_route","Categorical"
"324950_dose","Numeric"
"324950_route","Categorical"
"330813_dose","Numeric"
"330813_route","Categorical"
"330815_dose","Numeric"
"330815_route","Categorical"
"330817_dose","Numeric"
"330817_route","Categorical"
"333548_dose","Numeric"
"333548_route","Categorical"
"338552_dose","Numeric"
"338552_route","Categorical"
"340546_dose","Numeric"
"340546_route","Categorical"
"340547_dose","Numeric"
"340547_route","Categorical"
"340548_dose","Numeric"
"340548_route","Categorical"
"340549_dose","Numeric"
"340549_route","Categorical"
"340550_dose","Numeric"
"340550_route","Categorical"
"340552_dose","Numeric"
"340552_route","Categorical"
"340553_dose","Numeric"
"340553_route","Categorical"
"340554_dose","Numeric"
"340554_route","Categorical"
"340555_dose","Numeric"
"340555_route","Categorical"
"340557_dose","Numeric"
"340557_route","Categorical"
"340559_dose","Numeric"
"340559_route","Categorical"
"340564_dose","Numeric"
"340564_route","Categorical"
"340565_dose","Numeric"
"340565_route","Categorical"
"340567_dose","Numeric"
"340567_route","Categorical"
"340568_dose","Numeric"
"340568_route","Categorical"
"340569_dose","Numeric"
"340569_route","Categorical"
"344844_dose","Numeric"
"344844_route","Categorical"
"344849_dose","Numeric"
"344849_route","Categorical"
"349715_dose","Numeric"
"349715_route","Categorical"
"352636_dose","Numeric"
"352636_route","Categorical"
"366135_dose","Numeric"
"366135_route","Categorical"
"366138_dose","Numeric"
"366138_route","Categorical"
"367671_dose","Numeric"
"367671_route","Categorical"
"370132_dose","Numeric"
"370132_route","Categorical"
"376921_dose","Numeric"
"376921_route","Categorical"
"376922_dose","Numeric"
"376922_route","Categorical"
"376939_dose","Numeric"
"376939_route","Categorical"
"380216_dose","Numeric"
"380216_route","Categorical"
"388930_dose","Numeric"
"388930_route","Categorical"
"389706_dose","Numeric"
"389706_route","Categorical"
"392278_dose","Numeric"
"392278_route","Categorical"
"393369_dose","Numeric"
"393369_route","Categorical"
"393900_dose","Numeric"
"393900_route","Categorical"
"417635_dose","Numeric"
"417635_route","Categorical"
"449014_dose","Numeric"
"449014_route","Categorical"
"450338_dose","Numeric"
"450338_route","Categorical"
"453209_dose","Numeric"
"453209_route","Categorical"
"453220_dose","Numeric"
"453220_route","Categorical"
"454407_dose","Numeric"
"454407_route","Categorical"
"454411_dose","Numeric"
"454411_route","Categorical"
"454414_dose","Numeric"
"454414_route","Categorical"
"454416_dose","Numeric"
"454416_route","Categorical"
"454423_dose","Numeric"
"454423_route","Categorical"
"454426_dose","Numeric"
"454426_route","Categorical"
"454442_dose","Numeric"
"454442_route","Categorical"
"454446_dose","Numeric"
"454446_route","Categorical"
"456937_dose","Numeric"
"456937_route","Categorical"
"458210_dose","Numeric"
"458210_route","Categorical"
"459350_dose","Numeric"
"459350_route","Categorical"
"461654_dose","Numeric"
"461654_route","Categorical"
"468818_dose","Numeric"
"468818_route","Categorical"
"469272_dose","Numeric"
"469272_route","Categorical"
"470843_dose","Numeric"
"470843_route","Categorical"
"471467_dose","Numeric"
"471467_route","Categorical"
"474982_dose","Numeric"
"474982_route","Categorical"
"485382_dose","Numeric"
"485382_route","Categorical"
"485386_dose","Numeric"
"485386_route","Categorical"
"490616_dose","Numeric"
"490616_route","Categorical"
"491052_dose","Numeric"
"491052_route","Categorical"
"491058_dose","Numeric"
"491058_route","Categorical"
"491067_dose","Numeric"
"491067_route","Categorical"
"491081_dose","Numeric"
"491081_route","Categorical"
"492348_dose","Numeric"
"492348_route","Categorical"
"492351_dose","Numeric"
"492351_route","Categorical"
"492864_dose","Numeric"
"492864_route","Categorical"
"492865_dose","Numeric"
"492865_route","Categorical"
"492883_dose","Numeric"
"492883_route","Categorical"
"494355_dose","Numeric"
"494355_route","Categorical"
"494356_dose","Numeric"
"494356_route","Categorical"
"495890_dose","Numeric"
"495890_route","Categorical"
"496704_dose","Numeric"
"496704_route","Categorical"
"496705_dose","Numeric"
"496705_route","Categorical"
"496722_dose","Numeric"
"496722_route","Categorical"
"499767_dose","Numeric"
"499767_route","Categorical"
"499769_dose","Numeric"
"499769_route","Categorical"
"501823_dose","Numeric"
"501823_route","Categorical"
"501834_dose","Numeric"
"501834_route","Categorical"
"501838_dose","Numeric"
"501838_route","Categorical"
"501848_dose","Numeric"
"501848_route","Categorical"
"502574_dose","Numeric"
"502574_route","Categorical"
"502575_dose","Numeric"
"502575_route","Categorical"
"502576_dose","Numeric"
"502576_route","Categorical"
"503323_dose","Numeric"
"503323_route","Categorical"
"503977_dose","Numeric"
"503977_route","Categorical"
"503980_dose","Numeric"
"503980_route","Categorical"
"503987_dose","Numeric"
"503987_route","Categorical"
"503989_dose","Numeric"
"503989_route","Categorical"
"504599_dose","Numeric"
"504599_route","Categorical"
"504626_dose","Numeric"
"504626_route","Categorical"
"504917_dose","Numeric"
"504917_route","Categorical"
"504918_dose","Numeric"
"504918_route","Categorical"
"505343_dose","Numeric"
"505343_route","Categorical"
"509406_dose","Numeric"
"509406_route","Categorical"
"510681_dose","Numeric"
"510681_route","Categorical"
"511452_dose","Numeric"
"511452_route","Categorical"
"511454_dose","Numeric"
"511454_route","Categorical"
"511455_dose","Numeric"
"511455_route","Categorical"
"512063_dose","Numeric"
"512063_route","Categorical"
"515619_dose","Numeric"
"515619_route","Categorical"
"515627_dose","Numeric"
"515627_route","Categorical"
"516274_dose","Numeric"
"516274_route","Categorical"
"519078_dose","Numeric"
"519078_route","Categorical"
"519089_dose","Numeric"
"519089_route","Categorical"
"520139_dose","Numeric"
"520139_route","Categorical"
"525531_dose","Numeric"
"525531_route","Categorical"
"525995_dose","Numeric"
"525995_route","Categorical"
"526935_dose","Numeric"
"526935_route","Categorical"
"531466_dose","Numeric"
"531466_route","Categorical"
"531498_dose","Numeric"
"531498_route","Categorical"
"652664_dose","Numeric"
"652664_route","Categorical"
"654324_dose","Numeric"
"654324_route","Categorical"
"655148_dose","Numeric"
"655148_route","Categorical"
"662425_dose","Numeric"
"662425_route","Categorical"
"663869_dose","Numeric"
"663869_route","Categorical"
"664519_dose","Numeric"
"664519_route","Categorical"
"666536_dose","Numeric"
"666536_route","Categorical"
"667734_dose","Numeric"
"667734_route","Categorical"
"670121_dose","Numeric"
"670121_route","Categorical"
"680185_dose","Numeric"
"680185_route","Categorical"
"680198_dose","Numeric"
"680198_route","Categorical"
"681989_dose","Numeric"
"681989_route","Categorical"
"681994_dose","Numeric"
"681994_route","Categorical"
"683395_dose","Numeric"
"683395_route","Categorical"
"686603_dose","Numeric"
"686603_route","Categorical"
"692199_dose","Numeric"
"692199_route","Categorical"
"694267_dose","Numeric"
"694267_route","Categorical"
"694268_dose","Numeric"
"694268_route","Categorical"
